Term,Overlap,P-value,Adjusted P-value,Odds Ratio,cluster_id
GOBP NUCLEAR ENVELOPE ORGANIZATION,7 / 58,2.63e-05,2.36e-02,9.67,Group VI (Testis)
GOBP CELLULAR RESPONSE TO DNA DAMAGE STIMULUS,114 / 868,2.42e-12,1.28e-08,2.22,Groups III/IV/V (Other tissues)
GOBP DNA REPAIR,80 / 584,7.47e-10,1.98e-06,2.30,Groups III/IV/V (Other tissues)
GOBP PROTEIN N LINKED GLYCOSYLATION,12 / 72,5.29e-05,3.76e-02,4.65,Groups I/II (Brain)
GOBP RESPONSE TO IONIZING RADIATION,27 / 144,1.02e-06,5.37e-04,3.30,Groups III/IV/V (Other tissues)
GOBP CENTROSOME DUPLICATION,12 / 75,8.00e-05,4.43e-02,4.43,Groups I/II (Brain)
GOBP DOUBLE STRAND BREAK REPAIR VIA NONHOMOLOGOUS END JOINING,15 / 68,3.56e-05,5.70e-03,4.06,Groups III/IV/V (Other tissues)
GOBP REGULATION OF TELOMERE MAINTENANCE,20 / 104,1.69e-05,4.25e-03,3.41,Groups III/IV/V (Other tissues)
GOBP DOUBLE STRAND BREAK REPAIR,45 / 303,4.26e-07,3.22e-04,2.50,Groups III/IV/V (Other tissues)
GOBP HISTONE MODIFICATION,64 / 478,9.15e-08,1.21e-04,2.22,Groups III/IV/V (Other tissues)
GOBP DNA METABOLIC PROCESS,119 / 1043,5.90e-09,1.04e-05,1.88,Groups III/IV/V (Other tissues)
GOBP RECOMBINATIONAL REPAIR,29 / 175,5.52e-06,1.95e-03,2.84,Groups III/IV/V (Other tissues)
GOBP MONOSACCHARIDE METABOLIC PROCESS,28 / 256,5.94e-06,8.78e-03,2.84,Groups I/II (Brain)
GOBP TRNA MODIFICATION,18 / 95,5.39e-05,7.51e-03,3.35,Groups III/IV/V (Other tissues)
GOBP NCRNA METABOLIC PROCESS,54 / 613,4.90e-07,2.17e-03,2.25,Groups I/II (Brain)
GOBP DNA INTEGRITY CHECKPOINT SIGNALING,23 / 132,2.20e-05,4.90e-03,3.02,Groups III/IV/V (Other tissues)
GOBP NCRNA PROCESSING,41 / 433,2.01e-06,4.44e-03,2.42,Groups I/II (Brain)
GOBP TRNA MODIFICATION,13 / 95,2.11e-04,5.83e-02,3.68,Groups I/II (Brain)
GOBP FOCAL ADHESION ASSEMBLY,12 / 86,3.04e-04,7.48e-02,3.77,Groups I/II (Brain)
GOBP RNA SPLICING,60 / 463,7.09e-07,4.36e-04,2.14,Groups III/IV/V (Other tissues)
GOBP POSITIVE REGULATION OF RESPONSE TO DNA DAMAGE STIMULUS,27 / 167,1.82e-05,4.38e-03,2.76,Groups III/IV/V (Other tissues)
GOBP TRANSCRIPTION BY RNA POLYMERASE I,13 / 64,2.80e-04,2.74e-02,3.67,Groups III/IV/V (Other tissues)
GOBP ACTIN FILAMENT DEPOLYMERIZATION,12 / 58,3.98e-04,3.40e-02,3.76,Groups III/IV/V (Other tissues)
GOBP TRNA METABOLIC PROCESS,30 / 193,1.42e-05,3.94e-03,2.63,Groups III/IV/V (Other tissues)
GOBP MEMBRANE ORGANIZATION,29 / 807,1.52e-05,2.36e-02,2.63,Group VI (Testis)
GOBP REGULATION OF DNA METABOLIC PROCESS,67 / 539,7.42e-07,4.36e-04,2.04,Groups III/IV/V (Other tissues)
GOBP DNA RECOMBINATION,45 / 328,3.86e-06,1.57e-03,2.27,Groups III/IV/V (Other tissues)
GOBP CELL CYCLE CHECKPOINT SIGNALING,29 / 188,2.27e-05,4.90e-03,2.61,Groups III/IV/V (Other tissues)
GOBP ORGANELLE ASSEMBLY,109 / 993,2.00e-07,1.77e-04,1.79,Groups III/IV/V (Other tissues)
GOBP TELOMERE MAINTENANCE,25 / 156,4.27e-05,6.27e-03,2.73,Groups III/IV/V (Other tissues)
GOBP TRNA METABOLIC PROCESS,21 / 193,9.11e-05,4.49e-02,2.82,Groups I/II (Brain)
GOBP POSITIVE REGULATION OF CHROMOSOME ORGANIZATION,19 / 111,1.41e-04,1.50e-02,2.96,Groups III/IV/V (Other tissues)
GOBP TRNA PROCESSING,16 / 135,2.30e-04,5.99e-02,3.11,Groups I/II (Brain)
GOBP SIGNAL TRANSDUCTION IN RESPONSE TO DNA DAMAGE,28 / 184,4.00e-05,6.05e-03,2.56,Groups III/IV/V (Other tissues)
GOBP REGULATION OF TELOMERE MAINTENANCE VIA TELOMERE LENGTHENING,12 / 61,6.46e-04,4.33e-02,3.53,Groups III/IV/V (Other tissues)
GOBP POSITIVE REGULATION OF DNA TEMPLATED TRANSCRIPTION ELONGATION,12 / 61,6.46e-04,4.33e-02,3.53,Groups III/IV/V (Other tissues)
GOBP TRNA PROCESSING,22 / 135,9.33e-05,1.18e-02,2.78,Groups III/IV/V (Other tissues)
GOBP CELL SUBSTRATE JUNCTION ORGANIZATION,13 / 103,4.71e-04,9.09e-02,3.35,Groups I/II (Brain)
GOBP CELLULAR RESPONSE TO IONIZING RADIATION,14 / 75,4.16e-04,3.49e-02,3.30,Groups III/IV/V (Other tissues)
GOBP RNA MODIFICATION,27 / 177,5.23e-05,7.48e-03,2.57,Groups III/IV/V (Other tissues)
GOBP REGULATION OF DNA REPLICATION,22 / 136,1.04e-04,1.26e-02,2.76,Groups III/IV/V (Other tissues)
GOBP RNA METHYLATION,16 / 90,2.97e-04,2.86e-02,3.10,Groups III/IV/V (Other tissues)
GOBP CELLULAR RESPONSE TO STRESS,190 / 1973,1.16e-07,1.23e-04,1.57,Groups III/IV/V (Other tissues)
GOBP NCRNA METABOLIC PROCESS,72 / 613,2.39e-06,1.15e-03,1.91,Groups III/IV/V (Other tissues)
GOBP REGULATION OF CHROMOSOME ORGANIZATION,35 / 250,2.90e-05,5.45e-03,2.32,Groups III/IV/V (Other tissues)
GOBP PROTEIN ACYLATION,35 / 251,3.16e-05,5.45e-03,2.31,Groups III/IV/V (Other tissues)
GOBP POSITIVE REGULATION OF TELOMERE MAINTENANCE,13 / 70,6.95e-04,4.60e-02,3.28,Groups III/IV/V (Other tissues)
GOBP CYTOSKELETON ORGANIZATION,44 / 1509,1.88e-05,2.36e-02,2.16,Group VI (Testis)
GOBP ESTABLISHMENT OF CELL POLARITY,24 / 157,1.29e-04,1.42e-02,2.58,Groups III/IV/V (Other tissues)
GOBP PROTEIN ACETYLATION,30 / 209,6.61e-05,8.53e-03,2.39,Groups III/IV/V (Other tissues)
GOBP REGULATION OF RESPONSE TO DNA DAMAGE STIMULUS,41 / 311,2.67e-05,5.38e-03,2.17,Groups III/IV/V (Other tissues)
GOBP MRNA METABOLIC PROCESS,85 / 767,3.20e-06,1.41e-03,1.79,Groups III/IV/V (Other tissues)
GOBP POSITIVE REGULATION OF DNA METABOLIC PROCESS,40 / 303,3.23e-05,5.45e-03,2.17,Groups III/IV/V (Other tissues)
GOBP CILIUM ORGANIZATION,52 / 421,1.53e-05,4.04e-03,2.02,Groups III/IV/V (Other tissues)
GOBP CELL PROJECTION ASSEMBLY,70 / 609,7.01e-06,2.18e-03,1.86,Groups III/IV/V (Other tissues)
GOBP RNA SPLICING VIA TRANSESTERIFICATION REACTIONS,42 / 326,3.71e-05,5.77e-03,2.11,Groups III/IV/V (Other tissues)
GOBP DNA REPLICATION,37 / 279,5.71e-05,7.56e-03,2.18,Groups III/IV/V (Other tissues)
GOBP MORPHOGENESIS OF A POLARIZED EPITHELIUM,16 / 96,6.27e-04,4.33e-02,2.87,Groups III/IV/V (Other tissues)
GOBP CARBOHYDRATE CATABOLIC PROCESS,24 / 162,2.11e-04,2.19e-02,2.48,Groups III/IV/V (Other tissues)
GOBP TELOMERE MAINTENANCE VIA TELOMERE LENGTHENING,14 / 81,9.29e-04,5.46e-02,3.00,Groups III/IV/V (Other tissues)
GOBP PROTEIN MODIFICATION BY SMALL PROTEIN CONJUGATION OR REMOVAL,108 / 1046,4.23e-06,1.60e-03,1.66,Groups III/IV/V (Other tissues)
GOBP CELLULAR RESPONSE TO DNA DAMAGE STIMULUS,64 / 868,1.79e-05,1.99e-02,1.85,Groups I/II (Brain)
GOBP TORC1 SIGNALING,11 / 60,1.96e-03,9.05e-02,3.24,Groups III/IV/V (Other tissues)
GOBP NCRNA PROCESSING,52 / 433,3.30e-05,5.45e-03,1.95,Groups III/IV/V (Other tissues)
