tissue	sqtl_class	n_donors	n_pairs	spearman_rho	t	df	exact_two_sided_P	ci95_low	ci95_high
Adipose-Subcutaneous	p-sQTL (productive intron)	581	5574	-0.0047694645651635	-0.3560246925653191	5572	0.7218355517227297	-0.031018897073176756	0.02148654237274521
Adipose-Subcutaneous	u-sQTL (unproductive intron)	581	1663	-0.1154033625461493	-4.734941989909168	1661	2.3774108502530702e-06	-0.16272556812748457	-0.0675514502216788
Adipose-Visceral_Omentum	p-sQTL (productive intron)	469	4514	-0.0058088841891469	-0.39019759739437504	4512	0.6964088572157098	-0.03497669525847033	0.023368814510983726
Adipose-Visceral_Omentum	u-sQTL (unproductive intron)	469	1292	-0.1511351954402282	-5.491336244985083	1290	4.7993252236857477e-08	-0.2042886211291783	-0.09709319613279219
AdrenalGland	p-sQTL (productive intron)	233	2610	0.0235490903011446	1.2029522341526782	2608	0.2291039981171485	-0.014837204611338549	0.06186607255887166
AdrenalGland	u-sQTL (unproductive intron)	233	670	-0.1952930346104305	-5.146582162872051	668	3.4923676873446174e-07	-0.2677556036121608	-0.12063360242978216
Artery-Aorta	p-sQTL (productive intron)	387	3999	-0.0009557584192571	-0.060424825499915645	3997	0.9518203077981192	-0.031950145553948005	0.030040465128450645
Artery-Aorta	u-sQTL (unproductive intron)	387	1068	-0.1689199397995002	-5.595587682879683	1066	2.794600519015525e-08	-0.22701490543517105	-0.10962706386411167
Artery-Coronary	p-sQTL (productive intron)	213	2224	0.005360898880064	0.25270619199846434	2222	0.8005186372179137	-0.0362120608051487	0.04691533568851053
Artery-Coronary	u-sQTL (unproductive intron)	213	608	-0.1497013474818716	-3.727209084619846	606	0.0002117381598101	-0.22694288927611517	-0.07058826879132708
Artery-Tibial	p-sQTL (productive intron)	584	5393	-0.0128463503516613	-0.9433009385011514	5391	0.3455692667437833	-0.03952402032411893	0.013849620630528223
Artery-Tibial	u-sQTL (unproductive intron)	584	1542	-0.1799404999830991	-7.1785469847265935	1540	1.0918170959697168e-12	-0.22819522426608022	-0.13080391858604698
Brain-Amygdala	p-sQTL (productive intron)	129	968	0.0064545229868978	0.20061424225894509	966	0.8410424490578176	-0.05657902800119205	0.0694368229529179
Brain-Amygdala	u-sQTL (unproductive intron)	129	251	-0.0787707812006373	-1.2468562499999891	249	0.2136217937292622	-0.20081826450577706	0.04568461532064577
Brain-Anteriorcingulatecortex_BA24	p-sQTL (productive intron)	147	1417	0.0118005177327817	0.44392491695050684	1415	0.6571647448095679	-0.04030118658261438	0.0638382247529069
Brain-Anteriorcingulatecortex_BA24	u-sQTL (unproductive intron)	147	319	-0.0850600759486781	-1.5199601987534495	317	0.1295177347050772	-0.1932604853385362	0.02518440051328073
Brain-Caudate_basalganglia	p-sQTL (productive intron)	194	1883	0.005413117677527	0.23477304303471097	1881	0.8144104445517271	-0.03976937276981581	0.05057351698483297
Brain-Caudate_basalganglia	u-sQTL (unproductive intron)	194	471	-0.1364179826301871	-2.982202983466286	469	0.0030108366241684	-0.22440860296741727	-0.04622094014747018
Brain-CerebellarHemisphere	p-sQTL (productive intron)	175	2243	0.0193581828288044	0.9165726718476688	2241	0.3594652326049654	-0.022051500166991752	0.060701557936750784
Brain-CerebellarHemisphere	u-sQTL (unproductive intron)	175	703	0.0163165719528326	0.43206167837214254	701	0.6658294517559571	-0.05770241605135501	0.09015715258334173
Brain-Cerebellum	p-sQTL (productive intron)	209	2608	0.0081664879555791	0.4169049138138122	2606	0.6767822971504105	-0.030225910559323128	0.046534825534713144
Brain-Cerebellum	u-sQTL (unproductive intron)	209	779	-0.0033163028507646	-0.09244152083437589	777	0.9263710802207932	-0.07354210052016207	0.06694222019523438
Brain-Cortex	p-sQTL (productive intron)	205	2181	0.0155883008908132	0.7277465702562478	2179	0.4668469250833204	-0.026403934520075688	0.05752561965948374
Brain-Cortex	u-sQTL (unproductive intron)	205	556	-0.1163401154186501	-2.757042984313565	554	0.0060250085285119	-0.19785291400009072	-0.0332293757400984
Brain-FrontalCortex_BA9	p-sQTL (productive intron)	175	1714	0.0082906643612485	0.3430489859344771	1712	0.7316037256002674	-0.039073115297264135	0.05561727330425452
Brain-FrontalCortex_BA9	u-sQTL (unproductive intron)	175	428	-0.0817907310782078	-1.6938167584176897	426	0.0910310661231715	-0.1753731060181181	0.013256457911994644
Brain-Hippocampus	p-sQTL (productive intron)	165	1238	0.0076064759792261	0.26742702785957095	1236	0.7891850076890584	-0.04812876452163072	0.0632944960129999
Brain-Hippocampus	u-sQTL (unproductive intron)	165	312	-0.1158773533505783	-2.0540685108418257	310	0.0408073563297767	-0.22438831744936477	-0.004528074093571906
Brain-Hypothalamus	p-sQTL (productive intron)	170	1502	0.0123624922222357	0.478833856721321	1500	0.6321266187036779	-0.038243081377038315	0.06290481648597392
Brain-Hypothalamus	u-sQTL (unproductive intron)	170	392	-0.1271320629304654	-2.5311957068214737	390	0.01175956729246	-0.22374836120735908	-0.028041510029449233
Brain-Nucleusaccumbens_basalganglia	p-sQTL (productive intron)	202	1842	0.002676009813854	0.11478844384498371	1840	0.9086253333112384	-0.04300184775238045	0.04834270321885031
Brain-Nucleusaccumbens_basalganglia	u-sQTL (unproductive intron)	202	489	-0.0649110464910516	-1.4354893082107474	487	0.1517896579933847	-0.15279579179750025	0.02399232320043702
Brain-Putamen_basalganglia	p-sQTL (productive intron)	170	1459	-0.0143730506746378	-0.5486856430363574	1457	0.5833052661277542	-0.06564715860111692	0.03697675895164947
Brain-Putamen_basalganglia	u-sQTL (unproductive intron)	170	351	-0.1482437573976889	-2.800363564905104	349	0.0053886919489373	-0.24959888762666077	-0.0436756932330331
Brain-Spinalcord_cervicalc-1	p-sQTL (productive intron)	126	1184	0.0334482810656674	1.1506033120579038	1182	0.2501281858998563	-0.02358340894662079	0.090262967542034
Brain-Spinalcord_cervicalc-1	u-sQTL (unproductive intron)	126	306	-0.1274529471804439	-2.2404901200608687	304	0.0257812391093455	-0.23663190563746156	-0.015095404110348936
Brain-Substantianigra	p-sQTL (productive intron)	114	871	-0.0260752675516067	-0.76892920160079	869	0.4421442680633815	-0.09235407603556327	0.040433583545767565
Brain-Substantianigra	u-sQTL (unproductive intron)	114	204	-0.0501559820937105	-0.7137487688280555	202	0.4762064003798889	-0.18632784301516434	0.08790652279363546
Breast-MammaryTissue	p-sQTL (productive intron)	396	4065	-0.0016970814772986	-0.10817495668436089	4063	0.9138622514711132	-0.03243805809610075	0.029047102995384853
Breast-MammaryTissue	u-sQTL (unproductive intron)	396	1273	-0.1401998746831158	-5.048137251234675	1271	5.110471714725622e-07	-0.19391020153335123	-0.08565155892688062
Cells-Culturedfibroblasts	p-sQTL (productive intron)	483	6032	-0.0145914027546332	-1.1331879265048441	6030	0.2571803960245302	-0.03981482154923853	0.010650600385993358
Cells-Culturedfibroblasts	u-sQTL (unproductive intron)	483	1391	-0.3309222632552305	-13.069605363323445	1389	6.695905472288544e-37	-0.378144561911917	-0.28198230364720384
Cells-EBV-transformedlymphocytes	p-sQTL (productive intron)	147	2609	-0.0070293833070441	-0.3589206712524542	2607	0.7196834999393852	-0.045392539098724254	0.0313544754063018
Cells-EBV-transformedlymphocytes	u-sQTL (unproductive intron)	147	641	-0.2683389809117545	-7.041441349749253	639	4.9284847350653545e-12	-0.3399652698923002	-0.1936175086201212
Colon-Sigmoid	p-sQTL (productive intron)	318	3385	-0.0067339760669632	-0.39168091845559067	3383	0.695318660378238	-0.04041487004926983	0.026962203622465437
Colon-Sigmoid	u-sQTL (unproductive intron)	318	965	-0.1011960109388409	-3.1565431209185313	963	0.0016461275598317	-0.16341844336271136	-0.038171680771107754
Colon-Transverse	p-sQTL (productive intron)	368	3703	-0.0014336881378712	-0.08721971853793338	3701	0.9305015844174088	-0.033642613950178264	0.030778212614179675
Colon-Transverse	u-sQTL (unproductive intron)	368	1063	-0.1403517363654483	-4.617380586005954	1061	4.361800422692502e-06	-0.19908529186047053	-0.08061350300493712
Esophagus-GastroesophagealJunction	p-sQTL (productive intron)	330	3567	0.0032730893977688	0.19542942794259863	3565	0.845067917858601	-0.029549014167948466	0.03608814226674629
Esophagus-GastroesophagealJunction	u-sQTL (unproductive intron)	330	984	-0.1070879230266637	-3.3752102736191856	982	0.0007664730796799	-0.16862987486284597	-0.04471429949420998
Esophagus-Mucosa	p-sQTL (productive intron)	497	4612	-0.0142802567373258	-0.9696851942515652	4610	0.3322543038958636	-0.04312579779083356	0.014589072975894455
Esophagus-Mucosa	u-sQTL (unproductive intron)	497	1245	-0.2174352660908096	-7.8538476624605345	1243	8.669298156087401e-15	-0.2703398387862205	-0.16322152220405867
Esophagus-Muscularis	p-sQTL (productive intron)	465	4644	0.0010325471904399	0.07034977437166609	4642	0.9439182967572984	-0.027730510713988903	0.02979389671406234
Esophagus-Muscularis	u-sQTL (unproductive intron)	465	1265	-0.1296596360547741	-4.647165135057817	1263	3.7177683923070735e-06	-0.18368818534240844	-0.07485003831047372
Heart-AtrialAppendage	p-sQTL (productive intron)	372	3514	0.0006749205245657	0.039997236679320064	3512	0.9680976028000524	-0.03239124764170671	0.0337396128783355
Heart-AtrialAppendage	u-sQTL (unproductive intron)	372	917	-0.1274379799581615	-3.886556115896809	915	0.0001090133183603	-0.19085775040032543	-0.06295874987615176
Heart-LeftVentricle	p-sQTL (productive intron)	386	2742	0.0032836129605567	0.17188167762774176	2740	0.8635432444544735	-0.03415320944561856	0.04071123345981146
Heart-LeftVentricle	u-sQTL (unproductive intron)	386	635	-0.1440452470377082	-3.6622988723006626	633	0.0002708619490721	-0.21977593153699135	-0.0665888677253305
Kidney-Cortex	p-sQTL (productive intron)	73	540	0.0252558669799903	0.5859923855922711	538	0.5581263794723661	-0.05926141588075993	0.10941364134965124
Kidney-Cortex	u-sQTL (unproductive intron)	73	129	-0.0748803309522625	-0.8462342533029675	127	0.3990137554506775	-0.24479910163083488	0.0995009680568789
Liver	p-sQTL (productive intron)	208	1448	0.0176612106394295	0.6716953774105973	1446	0.5018849392489049	-0.03388814126428542	0.0691168404327794
Liver	u-sQTL (unproductive intron)	208	419	-0.1294453662823527	-2.6657775516995206	417	0.0079795195914354	-0.22286855097417016	-0.033666149541238276
Lung	p-sQTL (productive intron)	515	4932	-0.0139269714349272	-0.9779626451900248	4930	0.3281407853014456	-0.04182181284944237	0.01398956481469035
Lung	u-sQTL (unproductive intron)	515	1498	-0.1013823292522341	-3.941590769812659	1496	8.467843730693794e-05	-0.1513800292213097	-0.050867200369502936
MinorSalivaryGland	p-sQTL (productive intron)	144	1731	0.0165404517822253	0.6878666927189728	1729	0.4916289999866137	-0.030601112607832673	0.0636085939975275
MinorSalivaryGland	u-sQTL (unproductive intron)	144	479	-0.2149352669161123	-4.806595405639688	477	2.060545157479602e-06	-0.2997149180558766	-0.1267875403355264
Muscle-Skeletal	p-sQTL (productive intron)	706	5309	-0.0136918383800331	-0.997532420557265	5307	0.3185516250283227	-0.04057861025708353	0.013214747418542382
Muscle-Skeletal	u-sQTL (unproductive intron)	706	1305	-0.2651773717863508	-9.927541269336754	1303	1.93247763613085e-22	-0.3157629104421435	-0.21308868312309787
Nerve-Tibial	p-sQTL (productive intron)	532	5522	-0.0105686443241522	-0.7852592794913115	5520	0.4323352669694722	-0.03693558276842451	0.015812998927447083
Nerve-Tibial	u-sQTL (unproductive intron)	532	1733	-0.0881678237988894	-3.682589060770221	1731	0.0002379646887554	-0.1347857457752214	-0.041160454988962876
Ovary	p-sQTL (productive intron)	167	1940	0.0043800530846553	0.1928237063470155	1938	0.8471172409709948	-0.04013170306920991	0.048874459303753316
Ovary	u-sQTL (unproductive intron)	167	607	-0.1529743112860776	-3.8074840037424336	605	0.0001546966928322	-0.2301990210207766	-0.0738349890043162
Pancreas	p-sQTL (productive intron)	305	2301	0.0069163244676405	0.3316310855385838	2299	0.7401980714582748	-0.03395684814895332	0.04776639999015543
Pancreas	u-sQTL (unproductive intron)	305	704	-0.1666652522734574	-4.478481071541076	702	8.77290815193628e-06	-0.23811397914369675	-0.09342233116867127
Pituitary	p-sQTL (productive intron)	237	2797	-0.0049580419706803	-0.2621237925593448	2795	0.7932453203967125	-0.042013152212876194	0.032110689199631635
Pituitary	u-sQTL (unproductive intron)	237	855	-0.0584943519972654	-1.7113258576018942	853	0.0873845115317402	-0.12510696313214328	0.008643253647472036
Prostate	p-sQTL (productive intron)	221	2277	0.0038955114222371	0.18580546256712663	2275	0.8526138850486233	-0.03718851153697302	0.044966387946308924
Prostate	u-sQTL (unproductive intron)	221	759	-0.07987482302012	-2.2046907683377572	757	0.027775866725323	-0.1502949120692691	-0.008648320519087132
Skin-NotSunExposed_Suprapubic	p-sQTL (productive intron)	517	4748	-0.0212749785436126	-1.4659910069577449	4746	0.1427169854858456	-0.049693568461652037	0.00717803261373473
Skin-NotSunExposed_Suprapubic	u-sQTL (unproductive intron)	517	1429	-0.1464319834664482	-5.591839763560036	1427	2.688591887832181e-08	-0.19706033182745128	-0.09502470609928838
Skin-SunExposed_Lowerleg	p-sQTL (productive intron)	605	5327	-0.0089040767472254	-0.6497793680486191	5325	0.5158627759958769	-0.035751027422848074	0.01795571646917758
Skin-SunExposed_Lowerleg	u-sQTL (unproductive intron)	605	1574	-0.1187191054999225	-4.740554911507525	1572	2.323998001596448e-06	-0.16731673618847265	-0.0695459576097104
SmallIntestine-TerminalIleum	p-sQTL (productive intron)	174	1970	-0.0167566714909392	-0.7434662923905024	1968	0.4572881671021207	-0.06087819581992375	0.02743020855123854
SmallIntestine-TerminalIleum	u-sQTL (unproductive intron)	174	577	-0.0581098335032027	-1.3957834572457093	575	0.163318426100801	-0.1391431684853278	0.02369653700166198
Spleen	p-sQTL (productive intron)	227	2628	0.014835830518624	0.7603385741516837	2626	0.4471204892228259	-0.02341548484007398	0.05304377107964188
Spleen	u-sQTL (unproductive intron)	227	807	0.0089601733073221	0.2542329192654616	805	0.7993805447594887	-0.06009108891004051	0.07792608869354443
Stomach	p-sQTL (productive intron)	324	2752	0.0051178854691224	0.2683876931259669	2750	0.788421042131114	-0.032252967911807165	0.04247444886199484
Stomach	u-sQTL (unproductive intron)	324	841	-0.1474505045446894	-4.318177218737559	839	1.7612258927208264e-05	-0.21328091792523066	-0.08028724181733733
Testis	p-sQTL (productive intron)	322	5571	0.0053323879343964	0.39793901493440853	5569	0.6906903934041603	-0.020930965225575908	0.03158838676967864
Testis	u-sQTL (unproductive intron)	322	1852	-0.1469759362501134	-6.391080752506331	1850	2.079361012531834e-10	-0.19148115197736013	-0.10186756585921661
Thyroid	p-sQTL (productive intron)	574	5870	-0.0137829829702309	-1.05591638167679	5868	0.291049889379797	-0.039352955750753905	0.011805029229086928
Thyroid	u-sQTL (unproductive intron)	574	1796	-0.0782969367466257	-3.3265288128034016	1794	0.0008971044844028	-0.12417114832896786	-0.032088735489407036
Uterus	p-sQTL (productive intron)	129	1580	0.0081567737519459	0.32403085266966936	1578	0.7459576183347495	-0.04117569594942376	0.05744957058269703
Uterus	u-sQTL (unproductive intron)	129	465	-0.1260867845011883	-2.734890738753553	463	0.0064795412552826	-0.21490562936672025	-0.03519937915937499
Vagina	p-sQTL (productive intron)	141	1514	0.0034475597865857	0.13405724279706163	1512	0.893375150523176	-0.046939567695533056	0.053817187379293877
Vagina	u-sQTL (unproductive intron)	141	467	-0.1298431137930049	-2.8238234866263885	465	0.0049492342029201	-0.2183777732434864	-0.03918845032364269
WholeBlood	p-sQTL (productive intron)	670	3510	-0.0066292934497265	-0.39265088386559166	3508	0.694601208109721	-0.03970522745320571	0.026461152680577756
WholeBlood	u-sQTL (unproductive intron)	670	1030	-0.069436255519114	-2.231682122059124	1028	0.0258508936686234	-0.13004064870018453	-0.008314955896620199
